,,,,,,,,,,,,,,,,,,,,,,,,,,,,
,SEPTEMBER,,,,OCTOBER,,,,NOVEMBER,,,DECEMBER,,,January 2026,,,February 2026,,,March 2026,,,April 2026,,,May 2026,
YEAR,WEEK,TOPIC,,YEAR,WEEK,TOPIC,,YEAR,WEEK,TOPIC,YEAR,WEEK,TOPIC,YEAR,WEEK,TOPIC,YEAR,WEEK,TOPIC,YEAR,WEEK,TOPIC,YEAR,WEEK,TOPIC,YEAR,WEEK,TOPIC
Year 7,WK1_DAY1,,,Year 7,WK1_DAY1,Negative numbers,,Year 7,WK1_DAY1,NA,Year 7,WK1_DAY1,Area of parallellogram  and trapezium ,Year 7,WK1_DAY1,NA,Year 7,WK1_DAY1,Cube numbers( recap),Year 7,WK1_DAY1,Stem and leaf diagram ,Year 7,WK1_DAY1,Mental Maths,Year 7,WK1_DAY1,Direct proportion 
,WK1_DAY2,,,,WK1_DAY2,NA,,,WK1_DAY2,NA,,WK1_DAY2,Quarterly Assessment I( Manual Answer),,WK1_DAY2,NA,,WK1_DAY2,Satisy and Happy numbers ,,WK1_DAY2,NA,,WK1_DAY2,Probability Intro,,WK1_DAY2,Sequence Dot shape
,WK2_DAY1,,,,WK2_DAY1,Expression with negative numbers,,,WK2_DAY1,Multiplying and dividing fraction ,,WK2_DAY1,Extension in area,,WK2_DAY1,Applying mathematics on area,,WK2_DAY1,Further arithmetic ,,WK2_DAY1,Data on Group ,,WK2_DAY1,Probability Intro 2,,WK2_DAY1,"Fraction , Decimal , Percentage"
,WK2_DAY2,,,,WK2_DAY2,Application of numbers,,,WK2_DAY2,Conversion of fraction ,,WK2_DAY2,Angles in  regular and iregular polygons,,WK2_DAY2,Mixed review,,WK2_DAY2,Average and range ,,WK2_DAY2,Problems on piechart,,WK2_DAY2,Eventually mutual ,,WK2_DAY2,Fraction of amounts
,WK3_DAY1,Algebra 1,,,WK3_DAY1,BIDMAS,,,WK3_DAY1,Coordinates,,WK3_DAY1,Word problems - ratio ,,WK3_DAY1,Mixed arithmetic review 1,,WK3_DAY1,NA,,WK3_DAY1,,,WK3_DAY1,Revision Test ,,Wk2day3,Mutually exclusive events
,WK3_DAY2,Algebra 2,,,WK3_DAY2,Mixed review of Algebra,,,WK3_DAY2,Equations of line- Straight line basics,,WK3_DAY2,Whole number arithmetic review ,,WK3_DAY2,Mixed arithmetic review 2,,WK3_DAY2,Cumulative frequency ,,WK3_DAY2,,,WK3_DAY2,Extension with probability ,,wk2day4,Sample space diagram
,WK4_DAY1,Algebra  3,,,WK4_DAY1,Combined operations,,,WK4_DAY1,Gradient ,,WK4_DAY1,Angle and parallel lines ,,WK4_DAY1,Problems on prime numbers,,WK4_DAY1,Average and range 2,,WK4_DAY1,Piechart creation from data,,WK4_DAY1,Applying mathematics,,WK4_DAY1,
,WK4_DAY2,Substituting value-Algebra,,,WK4_DAY2,Divisibility,,,WK4_DAY2,Excercise on Gradient and coordinates,,WK4_DAY2,Angle on Quadrilateral,,WK4_DAY2,Prime factors,,WK4_DAY2,Interpretating data,,WK4_DAY2,Data interpretation ,,WK4_DAY2,"Pounds, Pence",,WK4_DAY2,
,WK5_DAY1,Simplify the Expression ,,,WK5_DAY1,Navier Rod,,,WK5_DAY1,Area of square ,,WK5_DAY1,Simplification ,,WK5_DAY1,Cube numbers,,WK5_DAY1,NA,,WK5_DAY1,NA,,WK5_DAY1,Percentage intro,,WK5_DAY1,
,WK5_DAY2,NA,,,WK5_DAY2,Fraction 1,,,WK5_DAY2,Rcap- Area of square ,,WK5_DAY2,Missing Arithmetic,,WK5_DAY2,Properties of number ,,WK5_DAY2,NA,,WK5_DAY2,NA,,WK5_DAY2,"Percentage increase , decrease",,WK5_DAY2,
,September,,,,October,,,,NOVEMBER,,,December,,,January 2026,,,February 2026,,,March 2026,,,,,,,
YEAR,WEEK,TOPIC,,YEAR,WEEK,TOPIC,,YEAR,WEEK,TOPIC,YEAR,WEEK,TOPIC,YEAR,WEEK,TOPIC,YEAR,WEEK,TOPIC,YEAR,WEEK,TOPIC,,,,,,
Year 8,WK1_DAY1,Probability 1,,Year 8,WK1_DAY1,NA,,Year 8,WK1_DAY1,Straight line ,Year 8,WK1_DAY1,Quarterly Assessment I ,Year 8,WK1_DAY1,NA,Year 8,WK1_DAY1,Circles,Year 8,WK1_DAY1,Frequency tables,,,,,,
,WK1_DAY2,Probability 2,,,WK1_DAY2,Loci ,,,WK1_DAY2,Equation of Straight line,,WK1_DAY2,Problems on triangle,,WK1_DAY2,NA,,WK1_DAY2,Permiter of Each shape ,,WK1_DAY2,Inequality ,,,,,,
,WK2_DAY1,Probability 3,,,WK2_DAY1,Loci Q & A,,,WK2_DAY1,Gradient ,,WK2_DAY1,Simulatneous equation ,,WK2_DAY1,Drawing enlargement ,,WK2_DAY1,Circle Area,,WK2_DAY1,Bearing ,,,,,,
,WK2_DAY2,Probability 4,,,WK2_DAY2,Percentages,,,WK2_DAY2,Graph in real content,,WK2_DAY2,Sequences,,WK2_DAY2,Reflection and enlargement ,,WK2_DAY2,Upper and Lower Bounds,,WK2_DAY2,Bearing 2,,,,,,
,WK3_DAY1,Probability 5,,,WK3_DAY1,Percentage increase and decrease,,,WK3_DAY1,Trigonometry,,WK3_DAY1,Sequences 2,,WK3_DAY1,Median and mode ,,WK3_DAY1,NA,,WK3_DAY1,Bearing 3,,,,,,
,WK3_DAY2,Multiplying Fractions,,,WK3_DAY2,Percentage change,,,WK3_DAY2,Right angle triangle,,WK3_DAY2,Algebra review,,WK3_DAY2,Rotation angle ,,WK3_DAY2,Bounds in calculation,,WK3_DAY2,Bearing 4,,,,,,
,WK4_DAY1,Divide Integer by fraction,,,WK4_DAY1,Average and Range ,,,WK4_DAY1,Trigonometry mixed problems,,WK4_DAY1,Coordinates ,,WK4_DAY1,Finding the centre of rotation ,,WK4_DAY1,Equations with brackets - remainder ,,WK4_DAY1,Scale,,,,,,
,WK4_DAY2,Event Occuring or not occuring,,,WK4_DAY2,Estimating and checking answers,,,WK4_DAY2,Algebra rearranging and factorising ,,WK4_DAY2,Reflection using coordinates ,,WK4_DAY2,"Area of rect, parallelo,trapezium",,WK4_DAY2,Probabiltiy revision ,,WK4_DAY2,Interpretating data ,,,,,,
,WK5_DAY1,NA,,,WK5_DAY1,Rounding ,,,WK5_DAY1,NA,,WK5_DAY1,NA,,WK5_DAY1,Combined rotation and translation,,WK5_DAY1,NA,,WK5_DAY1,NA,,,,,,
,WK5_DAY2,NA,,,WK5_DAY2,Drawing straigh line ,,,WK5_DAY2,NA,,WK5_DAY2,NA,,WK5_DAY2,Area,,WK5_DAY2,NA,,WK5_DAY2,NA,,,,,,
,September,,,,October,,,,NOVEMBER,,,,,,January 2026,,,February 2026,,,March 2026,,,,,,,
YEAR,WEEK,TOPIC,,YEAR,WEEK,TOPIC,,YEAR,WEEK,TOPIC,YEAR,WEEK,TOPIC,YEAR,WEEK,TOPIC,YEAR,WEEK,TOPIC,YEAR,WEEK,TOPIC,,,,,,
Year 9,WK1_DAY1,2 D shapes,,Year 9,WK1_DAY1,Interior Angle of polygon ,,Year 9,WK1_DAY1,Arithmetic with fraction ,Year 9,WK1_DAY1,Time speed distance,Year 9,WK1_DAY1,Arithmetic progression ,Year 9,WK1_DAY1,Missing number,Year 9,WK1_DAY1,Transformation,,,,,,
,WK1_DAY2,Factorise expression ,,,WK1_DAY2,NA,,,WK1_DAY2,Solving problems,,WK1_DAY2,Standard form ,,WK1_DAY2,NA,,WK1_DAY2,Area and volume,,WK1_DAY2,Reading and interpretating data,,,,,,
,WK2_DAY1,Congruent shape and construction ,,,WK2_DAY1,Averages and Ranges,,,WK2_DAY1,Recurring decimals,,WK2_DAY1,Standard form  2,,WK2_DAY1,Problems on shape,,WK2_DAY1,Area of each shape,,WK2_DAY1,"Vennn diagram to HCF , LCM ",,,,,,
,WK2_DAY2,Congruent shape and construction ,,,WK2_DAY2,Mean and Median,,,WK2_DAY2,NA,,WK2_DAY2,Standard form  3,,WK2_DAY2,Quadratic sequences,,WK2_DAY2,Radius of circle ,,WK2_DAY2,Venn diagram for probability ,,,,,,
,WK3_DAY1,Geometric Reasoning ,,,WK3_DAY1,Frequency distributions,,,WK3_DAY1,Algebraic fraction ,,WK3_DAY1,Quarterly Assessment ,,WK3_DAY1,Problems on sequence,,WK3_DAY1,Mensuration ,,WK3_DAY1,Simultaneous equation ,,,,,,
,WK3_DAY2,Geometric Reasoning ,,,WK3_DAY2,Frequency polygons,,,WK3_DAY2,NA,,WK3_DAY2,Finding Unknown angle ,,WK3_DAY2,"Rounding , estimating error and bounds",,WK3_DAY2,NA,,WK3_DAY2,Algebric Solution of simulataneous ,,,,,,
,WK4_DAY1,Missing Angle ,,,WK4_DAY1,Frequency polygons,,,WK4_DAY1,Working with indices,,WK4_DAY1,Pythagorus theorem ,,WK4_DAY1,Estimating ,,WK4_DAY1,"Volume of pyramid, sphere",,WK4_DAY1,Simultaneous equation 2,,,,,,
,WK4_DAY2,Angle in Polygons,,,WK4_DAY2,Multiplying brackets ,,,WK4_DAY2,Index practice,,WK4_DAY2,Xmas holiday ,,WK4_DAY2,Errors in measurement ,,WK4_DAY2,NA,,WK4_DAY2,Pair of Simulataneous equations,,,,,,
,WK5_DAY1,Exterior Angle in Polygon ,,,WK5_DAY1,NA,,,WK5_DAY1,,,WK5_DAY1,Pythagorus theorem in circles,,WK5_DAY1,Percent change,,WK5_DAY1,NA,,WK5_DAY1,NA,,,,,,
,WK5_DAY2,NA,,,WK5_DAY2,NA,,,WK5_DAY2,,,WK5_DAY2,Xmas holiday ,,WK5_DAY2,Reverse percentage,,WK5_DAY2,NA,,WK5_DAY2,NA,,,,,,
,September,,,,October,,,,NOVEMBER,,,DECEMBER,,,January 2026,,,February 2026,,,March 2026,,,,,,,
YEAR,WEEK,TOPIC,,YEAR,WEEK,TOPIC,,YEAR,WEEK,TOPIC,YEAR,WEEK,TOPIC,YEAR,WEEK,TOPIC,YEAR,WEEK,TOPIC,YEAR,WEEK,TOPIC,,,,,,
Year 10,WK1_DAY1,Venn diagram 1,,Year 10,WK1_DAY1,NA,,Year 10,WK1_DAY1,Vector,Year 10,WK1_DAY1,Vector 8 ,Year 10,WK1_DAY1,NA,Year 10,WK1_DAY1,Interquartile,Year 10,WK1_DAY1,Functions,,,,,,
,WK1_DAY2,Venn diagram 2,,,WK1_DAY2,NA,,,WK1_DAY2,Scalar and vectors,,WK1_DAY2,Vector 9 ,,WK1_DAY2,NA,,WK1_DAY2,Interquartile,,WK1_DAY2,Composite Functions,,,,,,
,WK2_DAY1,Venn diagram 3,,,WK2_DAY1,Parallel and perpendicular line ,,,WK2_DAY1,Vector 2,,WK2_DAY1,Percentage increase and decrease,,WK2_DAY1,Differentiation ,,WK2_DAY1,Interquartile,,WK2_DAY1,Sequence ,,,,,,
,WK2_DAY2,Venn diagram 4,,,WK2_DAY2,Line segment,,,WK2_DAY2,Vector 3,,WK2_DAY2, Compound Percentage increase and decrease,,WK2_DAY2,Rewrite the fractions -Differentiation ,,WK2_DAY2,Box plots,,WK2_DAY2,Completed Square,,,,,,
,WK3_DAY1,Venn diagram 5,,,WK3_DAY1,Nth Term,,,WK3_DAY1,Vectors 4,,WK3_DAY1,Circle theorem,,WK3_DAY1,Median and mode ,,WK3_DAY1,Average and spreads,,WK3_DAY1,Trigonomtery,,,,,,
,WK3_DAY2,Venn diagram 6,,,WK3_DAY2,Nth Term,,,WK3_DAY2,vectors 5,,WK3_DAY2,Circle geometry ,,WK3_DAY2,Median and mode 2,,WK3_DAY2,Mensuration ,,WK3_DAY2,Direct and indirect proportion ,,,,,,
,WK4_DAY1,,,,WK4_DAY1,Nth Term,,,WK4_DAY1,Vector 6 ,,WK4_DAY1,Circle geometry 2,,WK4_DAY1,Mean Averages ,,WK4_DAY1,Velocity Time graph,,WK4_DAY1,Revision Test ,,,,,,
,WK4_DAY2,,,,WK4_DAY2,Legth of line segment ,,,WK4_DAY2,Vector 7 ,,WK4_DAY2,Circle geometry 3,,WK4_DAY2,Mean average for grouped data,,WK4_DAY2,Velocity Time graph 2,,WK4_DAY2,Congruent Triangle,,,,,,
,WK5_DAY1,Straight line ,,,WK5_DAY1,Line segment ,,,WK5_DAY1,,,WK5_DAY1,Circle geometry 4,,WK5_DAY1,Interquitile range,,WK5_DAY1,NA,,WK5_DAY1,,,,,,,
,WK5_DAY2,Straight line ,,,WK5_DAY2,Line Segment ,,,WK5_DAY2,,,WK5_DAY2,Circle geometry 5,,WK5_DAY2,Cummulative frequency curves,,WK5_DAY2,NA,,WK5_DAY2,,,,,,,
,September,,,,October,,,,NOVEMBER,,,DECEMBER ,,,JANUARY ,,,Feb 2026,,,Mar 2026,,,,,,,
YEAR,WEEK,TOPIC,,YEAR,WEEK,TOPIC,,YEAR,WEEK,TOPIC,YEAR,WEEK,TOPIC,YEAR,WEEK,TOPIC,YEAR,WEEK,TOPIC,YEAR,WEEK,TOPIC,,,,,,
Year 11 higher,WK1_DAY1,Indices,,Year 11 higher,WK1_DAY1,NA,,Year 11 higher,WK1_DAY1,NA,Year 11 higher,WK1_DAY1,Ratio and proportion ,Year 11 higher,WK1_DAY1,NA,Year 11 higher,WK1_DAY1,Problem solving 1,Year 11 higher,WK1_DAY1,Revision Test ,,,,,,
,WK1_DAY2,Pending,,,WK1_DAY2,NA,,,WK1_DAY2,NA,,WK1_DAY2,Surds and indices ,,WK1_DAY2,Dependent and independent variable,,WK1_DAY2,NA,,WK1_DAY2,Only HW ,,,,,,
,WK2_DAY1,function ,,,WK2_DAY1,NA,,,WK2_DAY1,NA,,WK2_DAY1,Expand and simplify ,,WK2_DAY1,Cubic equation ,,WK2_DAY1,Problem solving 2,,WK2_DAY1,NA,,,,,,
,WK2_DAY2,Angle on Polygon,,,WK2_DAY2,NA,,,WK2_DAY2,NA,,WK2_DAY2,Factorise ,,WK2_DAY2,Decimal to fraction conversion ,,WK2_DAY2,Simultaneous  equation ,,WK2_DAY2,Revision Test ,,,,,,
,WK3_DAY1,Expansion and simplify equation,,,WK3_DAY1,NA,,,WK3_DAY1,Factor tree,,WK3_DAY1,,,WK3_DAY1,Trapezium rule,,WK3_DAY1,Problem solving 3,,WK3_DAY1,Revision Test ,,,,,,
,WK3_DAY2,Angles on circle ,,,WK3_DAY2,NA,,,WK3_DAY2,Standard form ,,WK3_DAY2,Equation of triangle ,,WK3_DAY2,Velocity time graph,,WK3_DAY2,NA,,WK3_DAY2,NA,,,,,,
,WK4_DAY1,percentage profit ,,,WK4_DAY1,NA,,,WK4_DAY1,Fraction ,,WK4_DAY1,NA,,WK4_DAY1,Mixed problem review,,WK4_DAY1,NA,,WK4_DAY1,NA,,,,,,
,WK4_DAY2,Mixed problem solving ,,,WK4_DAY2,NA,,,WK4_DAY2,Percentage reverse,,WK4_DAY2,NA,,WK4_DAY2,"Sine, cosine rule",,WK4_DAY2,Mensuration based ,,WK4_DAY2,NA,,,,,,
,WK5_DAY1,percentage increment decrement ,,,WK5_DAY1,NA,,,WK5_DAY1,,,WK5_DAY1,NA,,WK5_DAY1,NA,,WK5_DAY1,NA,,WK5_DAY1,NA,,,,,,
,WK5_DAY2,NA,,,WK5_DAY2,NA,,,WK5_DAY2,,,WK5_DAY2,Word based problems - area,,WK5_DAY2,NA,,WK5_DAY2,NA,,WK5_DAY2,NA,,,,,,
,September,,,,October,,,,NOVEMBER,,,DECEMBER,,,January 2026,,,February 2026,,,March 2026,,,,,,,
YEAR,WEEK,TOPIC,,YEAR,WEEK,TOPIC,,YEAR,WEEK,TOPIC,YEAR,WEEK,TOPIC,YEAR,WEEK,TOPIC,YEAR,WEEK,TOPIC,YEAR,WEEK,TOPIC,,,,,,
Year 12,WK1_DAY1,Pending,,Year 12,WK1_DAY1,Reciprocal function and negative powers,,Year 12,WK1_DAY1,CAST diagram,Year 12,WK1_DAY1,Curve geomtery ,Year 12,WK1_DAY1,NA,Year 12,WK1_DAY1,Function problem solving,Year 12,WK1_DAY1,Mock Test 1,,,,,,
,WK1_DAY2,Pending,,,WK1_DAY2,Translations,,,WK1_DAY2,3 D dimensional vectors,,WK1_DAY2,Integral on area,,WK1_DAY2,NA,,WK1_DAY2,Expansion ,,WK1_DAY2,Mock Test 2,,,,,,
,WK2_DAY1,Pending,,,WK2_DAY1,Transformation solving ,,,WK2_DAY1,vector based question ,,WK2_DAY1,Area enclosed by line ,,WK2_DAY1,Poplulation graph ,,WK2_DAY1,Equation based problems,,WK2_DAY1,Mock test 3,,,,,,
,WK2_DAY2,Pending,,,WK2_DAY2,Equation of circle,,,WK2_DAY2,vector based question 2,,WK2_DAY2,Exponential functions,,WK2_DAY2,Population table ,,WK2_DAY2,Posistion vector based problems,,WK2_DAY2,NA,,,,,,
,WK3_DAY1,Pending,,,WK3_DAY1,Quadratic equation ,,,WK3_DAY1,NA,,WK3_DAY1,logarithm 1,,WK3_DAY1,Algebra real solution ,,WK3_DAY1,NA,,WK3_DAY1,Mock test 4,,,,,,
,WK3_DAY2,Pending,,,WK3_DAY2,Coeffecient,,,WK3_DAY2,NA,,WK3_DAY2,logarithm 2,,WK3_DAY2,Simultaneous equation ,,WK3_DAY2,NA,,WK3_DAY2,Mock Test 5,,,,,,
,WK4_DAY1,Pending,,,WK4_DAY1,Expansion ,,,WK4_DAY1,Curve of the equation ,,WK4_DAY1,NA,,WK4_DAY1,Curve,,WK4_DAY1,NA,,WK4_DAY1,Mock Test 6 ,,,,,,
,WK4_DAY2,Pending,,,WK4_DAY2,vertices of triangle ,,,WK4_DAY2,Curve function ,,WK4_DAY2,NA,,WK4_DAY2,Equation of straight line ,,WK4_DAY2,NA,,WK4_DAY2,Mock Test 7 ,,,,,,
,WK5_DAY1,,,,WK5_DAY1,vertices of triangle ,,,WK5_DAY1,,,WK5_DAY1,NA,,WK5_DAY1,Equation of circle 1 ,,WK5_DAY1,NA,,WK5_DAY1,NA,,,,,,
,WK5_DAY2,,,,WK5_DAY2,NA,,,WK5_DAY2,,,WK5_DAY2,NA,,WK5_DAY2,Equation of circle 2,,WK5_DAY2,NA,,WK5_DAY2,NA,,,,,,
,September,,,,October,,,,NOVEMBER,,,DECEMBER,,,January 2026,,,February 2026,,,March 2026,,,,,,,
YEAR,WEEK,TOPIC,,YEAR,WEEK,TOPIC,,YEAR,WEEK,TOPIC,YEAR,WEEK,TOPIC,YEAR,WEEK,TOPIC,YEAR,WEEK,TOPIC,YEAR,WEEK,TOPIC,,,,,,
Year 12- Further maths,WK1_DAY1,Surds and Indices,,Year 12- Further maths,WK1_DAY1,Unit vectors,,Year 12- Further maths,WK1_DAY1,Differentiation from 1st principle,Year 12- Further maths,WK1_DAY1,Binomial distribution ,Year 12- Further maths,WK1_DAY1,Reciprocal Trignomterics,Year 12- Further maths,WK1_DAY1,Integral functions,Year 12- Further maths,WK1_DAY1,Converge and diverge functions ,,,,,,
,WK1_DAY2,Rationalising denominators,,,WK1_DAY2,Equal and parallel vectors,,,WK1_DAY2,Two real Solutions,,WK1_DAY2,Binomial distribution  2,,WK1_DAY2,Equation through straight line ,,WK1_DAY2,Integral functions,,WK1_DAY2,Binomial theorem ,,,,,,
,WK2_DAY1,Completing the square,,,WK2_DAY1,Vertices of triangle,,,WK2_DAY1,Vector based question ,,WK2_DAY1,probability ,,WK2_DAY1,Arithmetic Sequence,,WK2_DAY1,Integral functions,,WK2_DAY1,Edexcel pure paper ,,,,,,
,WK2_DAY2,Transforming the Graphs,,,WK2_DAY2,Theorem of calculus,,,WK2_DAY2,Data based question solving,,WK2_DAY2,probability 2,,WK2_DAY2,Integration ,,WK2_DAY2,Graph Integral ,,WK2_DAY2,Edexcel pure paper ,,,,,,
,WK3_DAY1,Transforming the Graphs,,,WK3_DAY1,NA,,,WK3_DAY1,AS Level PYQ practice,,WK3_DAY1,Probability 3,,WK3_DAY1,Chain rule ,,WK3_DAY1,Differential equations,,WK3_DAY1,Edexcel pure paper ,,,,,,
,WK3_DAY2,Simultaneous equation ,,,WK3_DAY2,Equation of circle and logarithms,,,WK3_DAY2,NA,,WK3_DAY2,Random distribution ,,WK3_DAY2,Quotient rule ,,WK3_DAY2,NA,,WK3_DAY2,Venn diagram interpreatation,,,,,,
,WK4_DAY1,Simultaneous equation ,,,WK4_DAY1,Logarithm,,,WK4_DAY1,Coorelation,,WK4_DAY1,Solving trigonomtery ,,WK4_DAY1,Properties of curves,,WK4_DAY1,Differential equations 2,,WK4_DAY1,Venn diagram interpreatation 2,,,,,,
,WK4_DAY2,Trigonometric equations,,,WK4_DAY2,Measure of central tendency,,,WK4_DAY2,Probability and venn diagram,,WK4_DAY2,Double angle identities,,WK4_DAY2,Derivative ,,WK4_DAY2,Numerical solutions of equations,,WK4_DAY2,NA,,,,,,
,WK5_DAY1,Pending,,,WK5_DAY1,NA,,,WK5_DAY1,,,WK5_DAY1,NA,,WK5_DAY1,NA,,WK5_DAY1,NA,,WK5_DAY1,NA,,,,,,
,WK5_DAY2,Pending,,,WK5_DAY2,NA,,,WK5_DAY2,,,WK5_DAY2,NA,,WK5_DAY2,NA,,WK5_DAY2,NA,,WK5_DAY2,NA,,,,,,
,September,,,,October,,,,NOVEMBER,,,DECEMBER,,YEAR,WEEK,TOPIC,YEAR,WEEK,TOPIC,YEAR,WEEK,TOPIC,YEAR,WEEK,TOPIC,YEAR,WEEK,TOPIC
YEAR,WEEK,TOPIC,,YEAR,WEEK,TOPIC,,YEAR,WEEK,TOPIC,YEAR,WEEK,TOPIC,Year 12 -Mechanic maths,WK1_DAY1,NA,Year 12 -Mechanic maths,WK1_DAY1,"Displacement , velocity time graph",Year 12 -Mechanic maths,WK1_DAY1,,Year 12 -Mechanic maths,WK1_DAY1,,Year 12 -Mechanic maths,WK1_DAY1,Projectiles Question 
Year 12 -Mechanic maths,WK1_DAY1,NA,,Year 12 -Mechanic maths,WK1_DAY1,Momentum and conservation ,,Year 12 -Mechanic maths,WK1_DAY1,NA,Year 12 -Mechanic maths,WK1_DAY1,Elastic energy ,,WK1_DAY2,NA,,WK1_DAY2,NA,,WK1_DAY2,NA,,WK1_DAY2,NA,,WK1_DAY2,NA
,WK1_DAY2,NA,,,WK1_DAY2,NA,,,WK1_DAY2,NA,,WK1_DAY2,Quarterly Assessment I,,WK2_DAY1,Modeling mechanics and intro ( year 2 started) ,,WK2_DAY1,,,WK2_DAY1,Centre of Mass,,WK2_DAY1,Incline plane on dynamcs,,WK2_DAY1,PYQ Solving 
,WK2_DAY1,NA,,,WK2_DAY1,Momentum as vector( 1D and 2D) ,,,WK2_DAY1,Principle of conservation of mechanical energy ,,WK2_DAY1,NA,,WK2_DAY2,,,WK2_DAY2,,,WK2_DAY2,,,WK2_DAY2,,,WK2_DAY2,
,WK2_DAY2,NA,,,WK2_DAY2,NA,,,WK2_DAY2,NA,,WK2_DAY2,NA,,WK3_DAY1,Working with vectors ,,WK3_DAY1,Constant accleration ,,WK3_DAY1,NA,,WK3_DAY1,Connected particles,,WK3_DAY1,
,WK3_DAY1,NA,,,WK3_DAY1,Work and Energy ,,,WK3_DAY1,WORK energy principle ,,WK3_DAY1,NA,,WK3_DAY2,NA,,WK3_DAY2,NA,,WK3_DAY2,Tilting ,,WK3_DAY2,,,WK3_DAY2,
,WK3_DAY2,NA,,,WK3_DAY2,NA,,,WK3_DAY2,NA,,WK3_DAY2,NA,,WK4_DAY1,Problems with vectors 2,,WK4_DAY1,Vertical motion under gravity ,,WK4_DAY1,Revision Test ,,WK4_DAY1,"Kinematic- Vector, Projectile",,WK4_DAY1,
,WK4_DAY1,Physical Quantity,,,WK4_DAY1,Kinetic and Potential enery ,,,WK4_DAY1,Power,,WK4_DAY1,NA,,WK4_DAY2,NA,,WK4_DAY2,NA,,WK4_DAY2,NA,,WK4_DAY2,,,WK4_DAY2,
,WK4_DAY2,NA,,,WK4_DAY2,NA,,,WK4_DAY2,NA,,WK4_DAY2,NA,,WK5_DAY1,Posistion vector based problems,,WK5_DAY1,NA,,WK5_DAY1,Static particles based,,WK5_DAY1,,,WK5_DAY1,
,WK5_DAY1,NA,,,WK5_DAY1,NA,,,WK5_DAY1,Elastic spring ,,WK5_DAY1,NA,,WK5_DAY2,NA,,WK5_DAY2,NA,,WK5_DAY2,NA,,WK5_DAY2,,,WK5_DAY2,
,WK5_DAY2,NA,,,WK5_DAY2,NA,,,WK5_DAY2,NA,,WK5_DAY2,NA,,,,,,,,,,,,,,,
,September,,,,October,,,,NOVEMBER,,,DECEMBER,,,January ,,,February ,,,March 2026,,,,,,,
YEAR,WEEK,TOPIC,,YEAR,WEEK,TOPIC,,YEAR,WEEK,TOPIC,YEAR,WEEK,TOPIC,YEAR,WEEK,TOPIC,YEAR,WEEK,TOPIC,YEAR,WEEK,TOPIC,,,,,,
Year 13,WK1_DAY1,Pending,,Year 13,WK1_DAY1,NA,,Year 13,WK1_DAY1,NA,Year 13,WK1_DAY1,Curve function ,Year 13,WK1_DAY1,NA,Year 13,WK1_DAY1,NA,Year 13,WK1_DAY1,NA,,,,,,
,WK1_DAY2,NA,,,WK1_DAY2,NA,,,WK1_DAY2,NA,,WK1_DAY2,NA,,WK1_DAY2,NA,,WK1_DAY2,NA,,WK1_DAY2,NA,,,,,,
,WK2_DAY1,Pending,,,WK2_DAY1,height and distance,,,WK2_DAY1,NA,,WK2_DAY1,Indefinite integral ,,WK2_DAY1,NA,,WK2_DAY1,Normal Distribution ,,WK2_DAY1,Parametric Eqautions,,,,,,
,WK2_DAY2,NA,,,WK2_DAY2,NA,,,WK2_DAY2,NA,,WK2_DAY2,NA,,WK2_DAY2,NA,,WK2_DAY2,NA,,WK2_DAY2,"Distance, Projections",,,,,,
,WK3_DAY1,Pending,,,WK3_DAY1,NA,,,WK3_DAY1,NA,,WK3_DAY1,NA,,WK3_DAY1,General solution of differential equation ,,WK3_DAY1,NA,,WK3_DAY1,NA,,,,,,
,WK3_DAY2,NA,,,WK3_DAY2,NA,,,WK3_DAY2,NA,,WK3_DAY2,NA,,WK3_DAY2,NA,,WK3_DAY2,NA,,WK3_DAY2,"Simplest form , Graphical",,,,,,
,WK4_DAY1,Height and distance,,,WK4_DAY1,NA,,,WK4_DAY1,Integral functions,,WK4_DAY1,NA,,WK4_DAY1,NA,,WK4_DAY1,NA,,WK4_DAY1,NA,,,,,,
,WK4_DAY2,NA,,,WK4_DAY2,NA,,,WK4_DAY2,NA,,WK4_DAY2,NA,,WK4_DAY2,NA,,WK4_DAY2,NA,,WK4_DAY2,NA,,,,,,
,WK5_DAY1,NA,,,WK5_DAY1,NA,,,WK5_DAY1,NA,,WK5_DAY1,NA,,WK5_DAY1,General function ,,WK5_DAY1,NA,,WK5_DAY1,NA,,,,,,
,WK5_DAY2,NA,,,WK5_DAY2,NA,,,WK5_DAY2,NA,,WK5_DAY2,NA,,WK5_DAY2,NA,,WK5_DAY2,NA,,WK5_DAY2,NA,,,,,,
,September,,,,October,,,,NOVEMBER,,,December,,,Jan 2026,,,Feb 2026,,,,,,,,,,
YEAR,WEEK,TOPIC,,YEAR,WEEK,TOPIC,,YEAR,WEEK,TOPIC,YEAR,WEEK,TOPIC,YEAR,WEEK,TOPIC,YEAR,WEEK,TOPIC,,,,,,,,,
Year 11 mock ,WK1_DAY1,Mock Paper 1,,Year 11 mock ,WK1_DAY1,Mock Paper 5,,Year 11 mock ,WK1_DAY1,NA,Year 11 mock ,WK1_DAY1,NA,Year 11 mock ,WK1_DAY1,Mock 7_ foundation,Year 11 mock ,WK1_DAY1,Mock12_Foundation ,,,,,,,,,
,WK1_DAY2,NA,,,WK1_DAY2,NA,,,WK1_DAY2,NA,,WK1_DAY2,NA,,WK1_DAY2,Mock 8 _ higher,,WK1_DAY2,Mock12_ Higher,,,,,,,,,
,WK2_DAY1,Mock Paper 2,,,WK2_DAY1,NA,,,WK2_DAY1,NA,,WK2_DAY1,NA,,WK2_DAY1,Mock _ 9 Foundation ,,WK2_DAY1,Mock13_ Foundation,,,,,,,,,
,WK2_DAY2,NA,,,WK2_DAY2,NA,,,WK2_DAY2,NA,,WK2_DAY2,NA,,WK2_DAY2,Mock 10_ Higher,,WK2_DAY2,Mock13_ Higher,,,,,,,,,
,WK3_DAY1,Mock Paper 3,,,WK3_DAY1,NA,,,WK3_DAY1,Mock paper 6 ,,WK3_DAY1,NA,,WK3_DAY1,Mock 11_ foundation ,,WK3_DAY1,Mock14_Foundation,,,,,,,,,
,WK3_DAY2,NA,,,WK3_DAY2,NA,,,WK3_DAY2,NA,,WK3_DAY2,NA,,WK3_DAY2,Mock 11_higher,,WK3_DAY2,Mock14_Higher,,,,,,,,,
,WK4_DAY1,Mock Paper 4,,,WK4_DAY1,NA,,,WK4_DAY1,NA,,WK4_DAY1,NA,,WK4_DAY1,,,WK4_DAY1,Mock15_ Foundation,,,,,,,,,
,WK4_DAY2,NA,,,WK4_DAY2,NA,,,WK4_DAY2,NA,,WK4_DAY2,NA,,WK4_DAY2,,,WK4_DAY2,Mock15_Higher,,,,,,,,,
,WK5_DAY1,NA,,,WK5_DAY1,NA,,,WK5_DAY1,NA,,WK5_DAY1,NA,,WK5_DAY1,,,WK5_DAY1,,,,,,,,,,
,WK5_DAY2,NA,,,WK5_DAY2,NA,,,WK5_DAY2,NA,,WK5_DAY2,NA,,WK5_DAY2,,,WK5_DAY2,,,,,,,,,,
,September,,,,October,,,,NOVEMBER,,,December 2025,,,January 2026,,,February 2026,,,,,,,,,,
YEAR,WEEK,TOPIC,,YEAR,WEEK,TOPIC,,YEAR,WEEK,TOPIC,YEAR,WEEK,TOPIC,YEAR,WEEK,TOPIC,YEAR,WEEK,TOPIC,,,,,,,,,
Year 10 mock,WK1_DAY1,NA,,Year 10 mock,WK1_DAY1,NA,,Year 10 mock,WK1_DAY1,NA,Year 10 mock,WK1_DAY1,Mock paper 3,Year 10 mock,WK1_DAY1,Mock paper 5,Year 10 mock,WK1_DAY1,Mock paper 8,,,,,,,,,
,WK1_DAY2,NA,,,WK1_DAY2,NA,,,WK1_DAY2,NA,,WK1_DAY2,NA,,WK1_DAY2,NA,,WK1_DAY2,NA,,,,,,,,,
,WK2_DAY1,NA,,,WK2_DAY1,NA,,,WK2_DAY1,NA,,WK2_DAY1,NA,,WK2_DAY1,NA,,WK2_DAY1,Mock paper 9,,,,,,,,,
,WK2_DAY2,NA,,,WK2_DAY2,NA,,,WK2_DAY2,NA,,WK2_DAY2,NA,,WK2_DAY2,NA,,WK2_DAY2,NA,,,,,,,,,
,WK3_DAY1,NA,,,WK3_DAY1,NA,,,WK3_DAY1,Mock paper 1,,WK3_DAY1,Mock paper 4,,WK3_DAY1,Mock paper 6,,WK3_DAY1,Mock paper 10,,,,,,,,,
,WK3_DAY2,NA,,,WK3_DAY2,NA,,,WK3_DAY2,NA,,WK3_DAY2,NA,,WK3_DAY2,NA,,WK3_DAY2,NA,,,,,,,,,
,WK4_DAY1,NA,,,WK4_DAY1,NA,,,WK4_DAY1,NA,,WK4_DAY1,NA,,WK4_DAY1,Mock paper 7 ,,WK4_DAY1,Mock paper 11,,,,,,,,,
,WK4_DAY2,NA,,,WK4_DAY2,NA,,,WK4_DAY2,NA,,WK4_DAY2,NA,,WK4_DAY2,NA,,WK4_DAY2,NA,,,,,,,,,
,WK5_DAY1,NA,,,WK5_DAY1,NA,,,WK5_DAY1,Mock paper 2,,WK5_DAY1,NA,,WK5_DAY1,NA,,WK5_DAY1,NA,,,,,,,,,
,WK5_DAY2,NA,,,WK5_DAY2,NA,,,WK5_DAY2,NA,,WK5_DAY2,NA,,WK5_DAY2,NA,,WK5_DAY2,NA,,,,,,,,,
,September,,,,October,,,,NOVEMBER,,,December 2025,,,January 2026,,,February 2026,,,March 2026,,,,,,,
YEAR,WEEK,TOPIC,,YEAR,WEEK,TOPIC,,YEAR,WEEK,TOPIC,YEAR,WEEK,,YEAR,WEEK,,YEAR,WEEK,,YEAR,WEEK,,,,,,,
Year 11 foundation ,WK1_DAY1,NA,,Year 11 foundation ,WK1_DAY1,Rounding numbers,,Year 11 foundation ,WK1_DAY1,Cube and cube roots,Year 11 foundation ,WK1_DAY1,Substitution ,Year 11 foundation ,WK1_DAY1,NA,Year 11 foundation ,WK1_DAY1,Simplififcation ,Year 11 foundation ,WK1_DAY1,Alternating and corresponding angle ,,,,,,
,WK1_DAY2,NA,,,WK1_DAY2,NA,,,WK1_DAY2,NA,,WK1_DAY2,Solve using formula ,,WK1_DAY2,NA,,WK1_DAY2,Simplification 2,,WK1_DAY2,Quadrilateral ,,,,,,
,WK2_DAY1,NA,,,WK2_DAY1,Copy and complete,,,WK2_DAY1,Factors and prime numbers,,WK2_DAY1,Solve using formula  2,,WK2_DAY1,Multiplying out brackets,,WK2_DAY1,Cancelling fractions,,WK2_DAY1,Angle in polygons,,,,,,
,WK2_DAY2,NA,,,WK2_DAY2,Multiple and divide whole numbers,,,WK2_DAY2,NA,,WK2_DAY2,NA,,WK2_DAY2,NA,,WK2_DAY2,Comparing fractions,,WK2_DAY2,Regular Polygons,,,,,,
,WK3_DAY1,NA,,,WK3_DAY1,Long multiplication ,,,WK3_DAY1,factor tree,,WK3_DAY1,Collecting like terms ,,WK3_DAY1,Factorise,,WK3_DAY1,Decimal and fractions,,WK3_DAY1,Congruent shapes,,,,,,
,WK3_DAY2,NA,,,WK3_DAY2,short division ,,,WK3_DAY2,Standard form ,,WK3_DAY2,Simplifying terms ,,WK3_DAY2,Solving eqaution with unknown one side,,WK3_DAY2,Mixed number to improper fraction,,WK3_DAY2,Adding and subtracting decimals,,,,,,
,WK4_DAY1,NA,,,WK4_DAY1,Long division ,,,WK4_DAY1,Algebra 1,,WK4_DAY1,Rules of indices ,,WK4_DAY1,Solving missing number ,,WK4_DAY1,Finding angles,,WK4_DAY1,Adding and subtracting decimals,,,,,,
,WK4_DAY2,NA,,,WK4_DAY2,Two signs together ,,,WK4_DAY2,Algebra 2,,WK4_DAY2,NA,,WK4_DAY2,Solving longer equation ,,WK4_DAY2,Isoceles  and Equilateral triangle,,WK4_DAY2,VAT ,,,,,,
,WK5_DAY1,Place value,,,WK5_DAY1,BODMAS,,,WK5_DAY1,NA,,WK5_DAY1,Index form ,,WK5_DAY1,Equations with trickier numbers,,WK5_DAY1,NA,,WK5_DAY1,NA,,,,,,
,WK5_DAY2,NA,,,WK5_DAY2,Square and square roots,,,WK5_DAY2,NA,,WK5_DAY2,NA,,WK5_DAY2,Basic fractions,,WK5_DAY2,NA,,WK5_DAY2,NA,,,,,,